id;title;content;created_at
1;Singapore Mexico;Tasty action-items;2021-12-19
2;leading-edge;copy 24/7 Generic;2021-12-19
3;magenta mission-critical New;revolutionize Markets;2021-12-19
4;Fully-configurable Designer;system;2021-12-18
5;backing;payment Identity;2021-12-19
6;collaborative Costa Shoes;plum withdrawal Sleek;2021-12-19
7;Steel Chicken;navigate generate;2021-12-19
8;Practical Technician;XSS connecting;2021-12-19
9;Home synthesize;Fundamental redefine PCI;2021-12-19
10;initiatives Consultant;optical Mobility;2021-12-19
